State,Jan23 Force,Jan24 Force,Feb23 Force,Feb24 Force,Jan23 Unemp,Jan24 Unemp,Feb23 Unemp,Feb24 Unemp,Jan23 Unemp Perc,Jan24 Unemp Perc,Feb23 Unemp Perc,Feb24 Unemp Perc,State
Alabama,"2,270,889","2,311,898","2,283,059","2,316,936","59,890","77,544","58,199","79,133",2.6,3.4,2.5,3.4,
Anniston-Oxford-Jacksonville,"45,109","45,653","45,438","45,822","1,287","1,714","1,261","1,765",2.9,3.8,2.8,3.9,Alabama
Auburn-Opelika,"78,859","82,245","79,797","82,715","1,871","2,446","1,858","2,573",2.4,3,2.3,3.1,Alabama
Birmingham-Hoover,"562,402","569,955","566,912","573,921","13,292","17,260","13,063","18,075",2.4,3,2.3,3.1,Alabama
Daphne-Fairhope-Foley,"100,742","103,622","101,404","104,077","2,536","3,303","2,451","3,377",2.5,3.2,2.4,3.2,Alabama
Decatur,"75,688","76,924","76,049","77,068","1,613","2,062","1,605","2,119",2.1,2.7,2.1,2.7,Alabama
Dothan,"65,536","66,997","65,319","66,846","1,821","2,331","1,669","2,352",2.8,3.5,2.6,3.5,Alabama
Florence-Muscle Shoals,"66,076","67,103","66,142","67,216","1,952","2,486","1,803","2,382",3,3.7,2.7,3.5,Alabama
Gadsden,"38,797","39,395","39,256","39,696","1,137","1,520","1,134","1,538",2.9,3.9,2.9,3.9,Alabama
Huntsville,"250,765","258,001","252,693","259,493","5,279","7,066","5,261","7,365",2.1,2.7,2.1,2.8,Alabama
Mobile,"188,040","190,335","189,499","190,371","6,187","8,530","5,919","8,366",3.3,4.5,3.1,4.4,Alabama
Montgomery,"174,289","176,941","175,867","178,097","5,000","5,926","4,852","6,036",2.9,3.3,2.8,3.4,Alabama
Tuscaloosa,"117,614","120,382","119,065","121,112","2,899","3,781","2,830","3,997",2.5,3.1,2.4,3.3,Alabama
Alaska,"349,945","352,619","352,213","354,553","15,957","18,399","16,450","19,976",4.6,5.2,4.7,5.6,
Anchorage,"200,052","202,126","199,684","202,064","7,831","9,066","8,155","9,934",3.9,4.5,4.1,4.9,Alaska
Fairbanks,"44,797","45,068","45,026","45,419","1,908","2,097","1,902","2,240",4.3,4.7,4.2,4.9,Alaska
Arizona,"3,638,353","3,733,559","3,650,815","3,746,324","130,244","141,011","130,536","135,548",3.6,3.8,3.6,3.6,
Flagstaff,"73,167","75,636","73,534","75,832","3,156","3,266","3,059","3,096",4.3,4.3,4.2,4.1,Arizona
Lake Havasu City-Kingman,"89,051","90,540","89,178","90,768","3,940","4,052","4,003","4,055",4.4,4.5,4.5,4.5,Arizona
Phoenix-Mesa-Scottsdale,"2,603,268","2,682,421","2,613,773","2,694,100","82,649","91,129","83,644","88,230",3.2,3.4,3.2,3.3,Arizona
Prescott,"107,293","109,773","107,751","110,347","3,605","3,822","3,667","3,843",3.4,3.5,3.4,3.5,Arizona
Sierra Vista-Douglas,"48,955","49,808","49,565","50,217","2,115","2,168","2,205","2,169",4.3,4.4,4.4,4.3,Arizona
Tucson,"488,246","498,824","490,613","499,898","17,246","18,679","17,383","18,116",3.5,3.7,3.5,3.6,Arizona
Yuma,"100,134","97,397","98,389","95,847","10,599","10,777","9,687","9,326",10.6,11.1,9.8,9.7,Arizona
Arkansas,"1,345,984","1,365,522","1,364,095","1,379,044","45,969","53,183","44,653","48,215",3.4,3.9,3.3,3.5,
Fayetteville-Springdale-Rogers,"301,142","308,247","307,133","314,284","7,442","8,795","7,297","8,184",2.5,2.9,2.4,2.6,Arkansas
Fort Smith,"116,624","119,908","117,747","120,928","3,973","5,080","3,904","4,763",3.4,4.2,3.3,3.9,Arkansas
Hot Springs,"40,830","40,948","41,181","41,189","1,614","1,778","1,582","1,571",4,4.3,3.8,3.8,Arkansas
Jonesboro,"66,042","66,487","66,632","66,838","1,980","2,290","1,845","2,085",3,3.4,2.8,3.1,Arkansas
Little Rock-North Little Rock-Conway,"358,195","366,626","362,045","369,912","11,166","13,230","11,048","12,026",3.1,3.6,3.1,3.3,Arkansas
Pine Bluff,"31,699","31,415","31,984","31,593","1,519","1,602","1,474","1,467",4.8,5.1,4.6,4.6,Arkansas
California,"19,161,412","19,342,162","19,354,958","19,394,269","898,944","1,106,617","925,636","1,078,314",4.7,5.7,4.8,5.6,
Bakersfield,"389,029","399,054","392,487","400,783","31,822","37,977","35,421","41,016",8.2,9.5,9,10.2,California
Chico,"91,696","92,968","92,866","93,628","5,132","6,149","5,185","6,391",5.6,6.6,5.6,6.8,California
El Centro,"72,184","75,168","71,418","74,405","11,776","13,479","11,311","12,785",16.3,17.9,15.8,17.2,California
Fresno,"450,815","464,652","461,600","469,382","34,576","41,116","37,975","44,634",7.7,8.8,8.2,9.5,California
Hanford-Corcoran,"56,982","59,899","58,370","60,239","5,035","5,925","5,447","6,340",8.8,9.9,9.3,10.5,California
Los Angeles-Long Beach-Anaheim,"6,597,376","6,603,080","6,657,193","6,611,968","306,069","363,008","311,210","320,183",4.6,5.5,4.7,4.8,California
Madera,"63,308","67,290","64,493","67,841","4,943","5,885","5,432","6,101",7.8,8.7,8.4,9,California
Merced,"114,546","120,502","117,514","121,888","11,246","13,237","12,562","14,542",9.8,11,10.7,11.9,California
Modesto,"238,893","247,177","242,884","248,532","15,769","18,991","16,267","19,416",6.6,7.7,6.7,7.8,California
Napa,"68,848","71,609","71,448","72,502","2,776","3,342","2,698","3,246",4,4.7,3.8,4.5,California
Oxnard-Thousand Oaks-Ventura,"408,658","413,460","414,060","414,765","17,267","21,458","16,945","20,994",4.2,5.2,4.1,5.1,California
Redding,"73,389","75,103","73,437","75,084","4,214","4,855","4,262","5,162",5.7,6.5,5.8,6.9,California
Riverside-San Bernardino-Ontario,"2,164,776","2,184,483","2,173,149","2,184,128","95,424","119,257","96,687","120,530",4.4,5.5,4.4,5.5,California
Sacramento--Roseville--Arden-Arcade,"1,116,438","1,141,697","1,126,408","1,147,335","48,423","59,323","48,866","59,995",4.3,5.2,4.3,5.2,California
Salinas,"199,657","211,472","207,674","215,880","19,393","22,326","21,310","24,555",9.7,10.6,10.3,11.4,California
San Diego-Carlsbad,"1,584,847","1,597,594","1,597,748","1,602,182","58,266","75,849","58,700","76,101",3.7,4.7,3.7,4.7,California
San Francisco-Oakland-Hayward,"2,512,086","2,510,117","2,532,360","2,511,848","83,207","113,171","85,774","111,386",3.3,4.5,3.4,4.4,California
San Jose-Sunnyvale-Santa Clara,"1,068,596","1,066,933","1,077,064","1,066,381","32,689","47,348","34,439","47,272",3.1,4.4,3.2,4.4,California
San Luis Obispo-Paso Robles-Arroyo Grande,"133,360","135,126","137,059","136,912","4,714","5,740","4,684","5,949",3.5,4.2,3.4,4.3,California
Santa Cruz-Watsonville,"130,145","131,696","132,614","133,255","8,234","9,816","9,103","10,615",6.3,7.5,6.9,8,California
Santa Maria-Santa Barbara,"207,754","214,491","212,988","216,771","9,970","12,146","10,199","12,424",4.8,5.7,4.8,5.7,California
Santa Rosa,"243,181","249,405","247,776","250,809","8,889","11,277","8,913","11,112",3.7,4.5,3.6,4.4,California
Stockton-Lodi,"341,064","349,781","344,416","350,976","21,681","26,160","22,235","26,562",6.4,7.5,6.5,7.6,California
Vallejo-Fairfield,"199,538","204,979","202,711","205,351","9,532","11,616","9,606","11,697",4.8,5.7,4.7,5.7,California
Visalia-Porterville,"208,443","215,531","211,911","216,832","20,703","25,538","22,735","26,759",9.9,11.8,10.7,12.3,California
Yuba City,"76,197","79,556","77,782","80,219","6,386","7,367","6,665","7,663",8.4,9.3,8.6,9.6,California
Colorado,"3,191,138","3,205,366","3,216,732","3,226,620","99,898","122,896","108,417","133,614",3.1,3.8,3.4,4.1,
Boulder,"199,756","201,472","202,727","204,137","5,170","6,795","5,841","7,441",2.6,3.4,2.9,3.6,Colorado
Colorado Springs,"373,403","379,563","375,243","380,042","12,369","14,829","13,335","16,247",3.3,3.9,3.6,4.3,Colorado
Denver-Aurora-Lakewood,"1,726,484","1,722,015","1,735,715","1,730,726","52,909","66,411","57,513","71,909",3.1,3.9,3.3,4.2,Colorado
Fort Collins,"208,769","214,802","210,701","215,753","5,828","7,259","6,400","8,042",2.8,3.4,3,3.7,Colorado
Grand Junction,"75,877","75,855","76,523","76,478","2,926","3,387","3,071","3,553",3.9,4.5,4,4.6,Colorado
Greeley,"166,960","169,884","169,866","172,089","5,557","6,827","6,075","7,436",3.3,4,3.6,4.3,Colorado
Pueblo,"75,427","75,092","75,983","75,346","3,446","3,977","3,668","4,217",4.6,5.3,4.8,5.6,Colorado
Connecticut,"1,879,503","1,904,524","1,871,467","1,902,188","75,298","95,028","77,128","102,042",4,5,4.1,5.4,
Bridgeport-Stamford-Norwalk,"461,117","465,263","458,354","466,516","18,920","24,061","19,553","26,186",4.1,5.2,4.3,5.6,Connecticut
Danbury,"105,498","106,330","104,422","106,020","3,860","4,841","3,955","5,306",3.7,4.6,3.8,5,Connecticut
Hartford-West Hartford-East Hartford,"615,004","623,512","612,745","620,799","24,254","30,525","24,805","32,581",3.9,4.9,4,5.2,Connecticut
New Haven,"330,532","335,786","330,581","336,841","12,416","15,716","12,537","16,699",3.8,4.7,3.8,5,Connecticut
Norwich-New London-Westerly,"136,331","139,864","135,625","138,936","5,360","6,753","5,462","7,273",3.9,4.8,4,5.2,Connecticut
Waterbury,"109,221","111,227","108,535","110,667","5,389","7,168","5,638","7,546",4.9,6.4,5.2,6.8,Connecticut
Delaware,"499,613","503,272","501,342","506,346","21,606","21,021","21,499","20,242",4.3,4.2,4.3,4,
Dover,"81,163","81,214","81,538","81,973","3,812","3,737","3,862","3,637",4.7,4.6,4.7,4.4,Delaware
Salisbury(1),"192,950","195,682","193,944","197,450","9,044","8,802","8,412","8,383",4.7,4.5,4.3,4.2,Delaware
District of Columbia,"391,712","404,669","394,275","407,086","19,205","20,992","19,845","21,716",4.9,5.2,5,5.3,
Washington-Arlington-Alexandria,"3,433,103","3,476,564","3,453,996","3,485,711","96,359","97,704","95,379","105,622",2.8,2.8,2.8,3,District of Columbia
Florida,"10,780,513","11,055,271","10,856,781","11,076,701","306,387","345,180","293,635","348,220",2.8,3.1,2.7,3.1,
Cape Coral-Fort Myers,"370,635","380,122","375,495","382,742","12,612","12,774","11,619","12,768",3.4,3.4,3.1,3.3,Florida
Crestview-Fort Walton Beach-Destin,"134,910","140,635","135,745","141,057","3,614","4,318","3,481","4,280",2.7,3.1,2.6,3,Florida
Deltona-Daytona Beach-Ormond Beach,"315,360","324,317","318,485","324,968","10,491","12,095","9,959","11,887",3.3,3.7,3.1,3.7,Florida
Gainesville,"149,308","152,555","151,059","153,658","4,285","5,132","4,170","5,172",2.9,3.4,2.8,3.4,Florida
Homosassa Springs,"49,415","49,695","49,703","49,768","2,152","2,592","2,042","2,568",4.4,5.2,4.1,5.2,Florida
Jacksonville,"828,876","847,350","829,997","848,594","23,650","27,793","22,943","28,060",2.9,3.3,2.8,3.3,Florida
Lakeland-Winter Haven,"337,950","346,820","339,747","347,469","11,674","13,899","11,195","13,712",3.5,4,3.3,3.9,Florida
Miami-Fort Lauderdale-West Palm Beach,"3,193,635","3,273,707","3,220,959","3,280,207","77,676","78,739","74,496","82,425",2.4,2.4,2.3,2.5,Florida
Naples-Immokalee-Marco Island,"191,836","196,566","192,959","196,798","5,294","5,958","5,039","5,911",2.8,3,2.6,3,Florida
North Port-Sarasota-Bradenton,"388,646","399,822","391,767","399,661","11,456","13,581","10,968","13,619",2.9,3.4,2.8,3.4,Florida
Ocala,"149,541","152,346","150,354","152,494","5,246","6,350","5,059","6,277",3.5,4.2,3.4,4.1,Florida
Orlando-Kissimmee-Sanford,"1,441,522","1,477,296","1,451,350","1,478,950","41,185","47,411","39,730","47,125",2.9,3.2,2.7,3.2,Florida
Palm Bay-Melbourne-Titusville,"300,067","307,473","300,534","307,284","8,765","10,297","8,329","10,250",2.9,3.3,2.8,3.3,Florida
Panama City,"91,288","94,313","92,198","94,605","2,745","3,250","2,455","3,050",3,3.4,2.7,3.2,Florida
Pensacola-Ferry Pass-Brent,"236,688","244,069","238,485","244,440","6,939","8,288","6,632","8,281",2.9,3.4,2.8,3.4,Florida
Port St. Lucie,"232,663","239,094","234,720","239,173","7,466","8,708","7,163","8,760",3.2,3.6,3.1,3.7,Florida
Punta Gorda,"77,604","78,990","78,242","79,346","2,825","3,028","2,630","3,061",3.6,3.8,3.4,3.9,Florida
Sebastian-Vero Beach,"69,131","70,050","69,650","70,158","2,271","2,715","2,208","2,686",3.3,3.9,3.2,3.8,Florida
Sebring,"37,065","37,448","37,325","37,421","1,565","1,761","1,460","1,779",4.2,4.7,3.9,4.8,Florida
Tallahassee,"199,121","205,220","200,906","206,548","6,042","6,781","5,841","6,811",3,3.3,2.9,3.3,Florida
Tampa-St. Petersburg-Clearwater,"1,655,130","1,697,571","1,664,687","1,700,107","47,618","56,786","45,799","56,818",2.9,3.3,2.8,3.3,Florida
The Villages,"38,044","39,366","38,270","39,395","1,647","1,992","1,546","2,012",4.3,5.1,4,5.1,Florida
Georgia,"5,257,992","5,331,582","5,289,125","5,369,028","179,491","165,861","178,114","164,230",3.4,3.1,3.4,3.1,
Albany,"64,911","63,814","65,025","63,940","2,643","2,347","2,700","2,323",4.1,3.7,4.2,3.6,Georgia
Athens-Clarke County,"98,584","103,382","99,935","104,320","3,279","3,210","3,205","3,067",3.3,3.1,3.2,2.9,Georgia
Atlanta-Sandy Springs-Roswell,"3,205,391","3,245,557","3,227,430","3,269,044","104,107","98,324","105,209","98,201",3.2,3,3.3,3,Georgia
Augusta-Richmond County,"263,767","263,898","265,473","265,671","10,356","9,714","10,445","9,983",3.9,3.7,3.9,3.8,Georgia
Brunswick,"53,329","54,823","53,370","55,052","1,761","1,564","1,737","1,603",3.3,2.9,3.3,2.9,Georgia
Columbus,"119,311","121,728","120,044","122,113","5,095","4,706","4,778","4,511",4.3,3.9,4,3.7,Georgia
Dalton,"59,033","60,261","58,993","60,087","3,009","2,606","2,424","2,141",5.1,4.3,4.1,3.6,Georgia
Gainesville,"108,633","113,153","109,317","114,033","2,925","2,618","2,843","2,662",2.7,2.3,2.6,2.3,Georgia
Hinesville,"34,849","34,733","34,988","35,015","1,231","1,048","1,225","1,081",3.5,3,3.5,3.1,Georgia
Macon-Bibb County,"98,653","98,462","99,145","99,041","3,798","3,484","3,803","3,533",3.8,3.5,3.8,3.6,Georgia
Rome,"46,350","48,655","46,865","48,590","1,642","1,583","1,558","1,390",3.5,3.3,3.3,2.9,Georgia
Savannah,"197,769","202,004","199,655","203,436","6,133","5,470","6,088","5,530",3.1,2.7,3,2.7,Georgia
Valdosta,"61,340","61,995","61,848","62,514","2,324","2,119","2,344","2,104",3.8,3.4,3.8,3.4,Georgia
Warner Robins,"86,325","87,140","86,855","87,287","2,978","2,542","2,878","2,531",3.4,2.9,3.3,2.9,Georgia
Hawaii,"675,571","671,775","677,364","676,483","20,348","20,845","19,922","20,801",3,3.1,2.9,3.1,
Kahului-Wailuku-Lahaina,"88,188","84,660","87,781","84,774","2,614","5,033","2,583","4,719",3,5.9,2.9,5.6,Hawaii
Urban Honolulu,"455,950","454,702","458,558","459,134","13,567","12,224","13,261","12,346",3,2.7,2.9,2.7,Hawaii
Idaho,"946,585","962,632","951,871","973,269","33,262","38,366","33,785","39,280",3.5,4,3.5,4,
Boise City,"417,398","423,603","420,402","428,601","12,983","15,835","13,445","16,068",3.1,3.7,3.2,3.7,Idaho
Coeur d'Alene,"85,280","88,861","85,364","89,543","4,105","4,509","3,861","4,615",4.8,5.1,4.5,5.2,Idaho
Idaho Falls,"80,637","82,222","81,171","82,910","2,452","2,817","2,551","2,934",3,3.4,3.1,3.5,Idaho
Lewiston,"31,879","32,606","32,207","32,780","1,105","1,282","1,144","1,298",3.5,3.9,3.6,4,Idaho
Pocatello,"44,240","44,972","44,598","45,469","1,425","1,750","1,465","1,760",3.2,3.9,3.3,3.9,Idaho
Twin Falls,"55,564","55,132","55,622","55,502","2,193","2,219","2,021","2,202",3.9,4,3.6,4,
Illinois,"6,344,950","6,422,103","6,383,366","6,436,617","296,532","325,450","297,097","340,804",4.7,5.1,4.7,5.3,Illinois
Bloomington,"93,423","96,233","96,320","98,170","3,647","4,267","3,847","4,241",3.9,4.4,4,4.3,Illinois
Carbondale-Marion,"55,769","57,347","57,534","58,483","2,569","2,934","2,608","2,853",4.6,5.1,4.5,4.9,Illinois
Champaign-Urbana,"121,856","127,099","125,118","129,925","4,909","5,820","5,146","5,768",4,4.6,4.1,4.4,Illinois
Chicago-Naperville-Elgin,"4,879,671","4,912,161","4,899,218","4,926,908","222,864","236,688","222,912","259,646",4.6,4.8,4.5,5.3,Illinois
Danville,"31,131","31,861","31,359","31,880","1,873","2,076","1,897","1,949",6,6.5,6,6.1,Illinois
Davenport-Moline-Rock Island(1),"184,627","182,797","184,954","182,344","8,631","9,571","8,621","8,814",4.7,5.2,4.7,4.8,Illinois
Decatur,"44,583","44,238","45,144","43,991","2,548","2,990","2,660","2,811",5.7,6.8,5.9,6.4,Illinois
Kankakee,"50,824","52,346","51,048","51,788","3,273","3,875","3,370","3,542",6.4,7.4,6.6,6.8,Illinois
Peoria,"164,988","168,985","166,353","168,312","8,859","10,472","9,100","9,700",5.4,6.2,5.5,5.8,Illinois
Rockford,"153,197","156,142","153,544","155,221","9,539","11,333","9,823","10,618",6.2,7.3,6.4,6.8,Illinois
Springfield,"102,312","101,313","102,946","100,673","4,601","5,111","4,656","4,825",4.5,5,4.5,4.8,
Indiana,"3,362,500","3,329,451","3,379,540","3,351,491","122,182","127,607","128,011","139,810",3.6,3.8,3.8,4.2,Indiana
Bloomington,"80,821","79,063","81,901","80,472","2,675","3,000","2,978","3,560",3.3,3.8,3.6,4.4,Indiana
Columbus,"43,756","42,810","43,918","43,159","1,289","1,495","1,376","1,615",2.9,3.5,3.1,3.7,Indiana
Elkhart-Goshen,"111,088","106,224","113,605","106,401","6,205","4,343","4,728","4,661",5.6,4.1,4.2,4.4,Indiana
Evansville,"156,190","154,326","156,964","154,793","5,196","5,683","5,631","6,151",3.3,3.7,3.6,4,Indiana
Fort Wayne,"220,003","217,421","220,156","218,697","7,045","7,695","7,569","8,433",3.2,3.5,3.4,3.9,Indiana
Indianapolis-Carmel-Anderson,"1,105,764","1,106,291","1,107,518","1,113,400","34,164","37,598","37,358","41,557",3.1,3.4,3.4,3.7,Indiana
Kokomo,"33,551","32,974","33,683","33,096","1,657","1,840","1,877","1,910",4.9,5.6,5.6,5.8,Indiana
Lafayette-West Lafayette,"112,654","111,389","114,707","113,575","3,485","3,677","3,802","4,377",3.1,3.3,3.3,3.9,Indiana
Michigan City-La Porte,"47,118","46,762","47,286","46,927","2,205","2,341","2,346","2,462",4.7,5,5,5.2,Indiana
Muncie,"50,896","51,161","51,693","51,979","2,026","2,268","2,213","2,644",4,4.4,4.3,5.1,Indiana
South Bend-Mishawaka,"154,722","153,312","156,034","154,230","6,927","6,642","6,948","7,291",4.5,4.3,4.5,4.7,Indiana
Terre Haute,"70,725","70,076","71,389","70,592","2,997","3,151","3,232","3,465",4.2,4.5,4.5,4.9,Indiana
Iowa,"1,699,805","1,687,432","1,717,095","1,691,276","61,010","61,051","56,285","55,998",3.6,3.6,3.3,3.3,
Ames,"57,949","57,634","60,705","59,651","1,244","1,441","1,181","1,144",2.1,2.5,1.9,1.9,Iowa
Cedar Rapids,"143,416","141,359","143,808","142,413","5,728","5,645","5,245","6,057",4,4,3.6,4.3,Iowa
Des Moines-West Des Moines,"378,764","375,500","379,926","375,610","12,820","12,753","11,516","11,522",3.4,3.4,3,3.1,Iowa
Dubuque,"56,106","55,957","56,719","55,865","2,122","2,124","1,979","1,925",3.8,3.8,3.5,3.4,Iowa
Iowa City,"97,474","98,572","98,542","99,149","2,552","2,643","2,402","2,399",2.6,2.7,2.4,2.4,Iowa
Sioux City,"93,404","91,941","93,940","91,869","2,766","3,048","2,707","2,773",3,3.3,2.9,3,Iowa
Waterloo-Cedar Falls,"86,577","85,445","88,026","86,169","3,116","3,188","2,907","2,771",3.6,3.7,3.3,3.2,Iowa
Kansas,"1,502,551","1,497,130","1,512,850","1,504,871","43,363","41,159","46,955","48,219",2.9,2.7,3.1,3.2,
Lawrence,"66,678","66,199","67,598","67,820","1,906","1,784","2,007","2,071",2.9,2.7,3,3.1,Kansas
Manhattan,"47,990","47,222","48,685","48,664","1,340","1,217","1,371","1,457",2.8,2.6,2.8,3,Kansas
Topeka,"121,089","121,765","122,310","122,567","3,696","3,516","4,062","3,876",3.1,2.9,3.3,3.2,Kansas
Wichita,"319,953","320,441","323,024","322,192","10,175","10,104","10,605","11,172",3.2,3.2,3.3,3.5,Kansas
Kentucky,"2,017,840","2,010,176","2,024,912","2,023,633","89,897","96,479","95,533","103,586",4.5,4.8,4.7,5.1,
Bowling Green,"83,805","85,077","84,717","86,284","3,494","3,905","3,794","4,266",4.2,4.6,4.5,4.9,Kentucky
Elizabethtown-Fort Knox,"64,103","64,611","64,506","64,943","3,058","3,067","3,194","3,354",4.8,4.7,5,5.2,Kentucky
Lexington-Fayette,"271,381","272,221","272,408","274,215","9,121","10,391","9,868","11,428",3.4,3.8,3.6,4.2,Kentucky
Louisville/Jefferson County,"658,905","649,405","660,927","652,684","26,925","26,728","28,403","28,860",4.1,4.1,4.3,4.4,Kentucky
Owensboro,"51,971","51,664","52,249","51,958","2,348","2,597","2,656","2,726",4.5,5,5.1,5.2,Kentucky
Louisiana,"2,054,735","2,057,302","2,065,795","2,061,311","77,682","89,297","72,144","90,772",3.8,4.3,3.5,4.4,
Alexandria,"61,956","62,595","62,103","62,580","2,216","2,609","2,054","2,698",3.6,4.2,3.3,4.3,Louisiana
Baton Rouge,"421,395","426,254","425,524","428,412","14,357","16,380","13,114","16,429",3.4,3.8,3.1,3.8,Louisiana
Hammond,"56,409","57,236","56,786","57,115","2,507","2,814","2,316","2,845",4.4,4.9,4.1,5,Louisiana
Houma-Thibodaux,"84,643","86,098","84,970","86,011","2,961","3,316","2,740","3,486",3.5,3.9,3.2,4.1,Louisiana
Lafayette,"211,107","212,556","211,703","212,343","7,459","8,709","7,062","9,038",3.5,4.1,3.3,4.3,Louisiana
Lake Charles,"93,258","93,594","93,792","93,816","3,396","3,738","3,129","3,821",3.6,4,3.3,4.1,Louisiana
Monroe,"78,317","77,503","78,416","77,624","3,037","3,504","2,835","3,641",3.9,4.5,3.6,4.7,Louisiana
New Orleans-Metairie,"582,256","576,078","585,330","579,403","22,241","25,704","20,713","25,954",3.8,4.5,3.5,4.5,Louisiana
Shreveport-Bossier City,"183,378","181,953","184,520","182,019","7,079","8,128","6,635","8,385",3.9,4.5,3.6,4.6,Louisiana
Maine,"673,836","682,962","675,368","687,858","20,385","25,927","21,635","26,643",3,3.8,3.2,3.9,
Bangor,"67,265","69,385","67,759","69,899","1,905","2,440","1,966","2,563",2.8,3.5,2.9,3.7,Maine
Lewiston-Auburn,"53,699","54,178","53,573","54,533","1,600","1,941","1,723","2,006",3,3.6,3.2,3.7,Maine
Portland-South Portland,"205,605","209,016","206,107","210,169","4,820","6,371","4,951","6,385",2.3,3,2.4,3,Maine
Maryland,"3,143,168","3,160,540","3,156,933","3,175,959","81,382","87,781","79,592","92,259",2.6,2.8,2.5,2.9,
Baltimore-Columbia-Towson,"1,469,666","1,474,739","1,473,961","1,481,432","37,585","40,902","36,789","41,857",2.6,2.8,2.5,2.8,Maryland
California-Lexington Park,"57,368","58,414","58,001","58,790","1,373","1,429","1,359","1,528",2.4,2.4,2.3,2.6,Maryland
Cumberland,"42,387","43,175","42,699","43,425","1,643","1,926","1,544","1,835",3.9,4.5,3.6,4.2,Maryland
Hagerstown-Martinsburg,"130,123","129,253","130,657","129,672","3,820","4,393","3,942","4,725",2.9,3.4,3,3.6,Maryland
Massachusetts,"3,737,343","3,768,376","3,747,534","3,752,127","151,402","132,416","151,941","137,643",4.1,3.5,4.1,3.7,
Barnstable Town,"117,030","121,446","117,306","120,284","7,225","6,080","7,547","6,370",6.2,5,6.4,5.3,Massachusetts
Boston-Cambridge-Nashua,"2,793,855","2,812,764","2,798,053","2,800,891","98,994","89,616","98,102","93,790",3.5,3.2,3.5,3.3,Massachusetts
Leominster-Gardner,"78,282","78,973","78,679","78,943","3,791","3,192","3,906","3,418",4.8,4,5,4.3,Massachusetts
New Bedford,"84,587","84,890","84,724","84,629","5,202","4,385","5,385","4,575",6.1,5.2,6.4,5.4,Massachusetts
Pittsfield,"40,655","41,026","40,335","40,753","2,069","1,598","2,073","1,673",5.1,3.9,5.1,4.1,Massachusetts
Springfield,"362,832","365,997","364,777","365,455","16,895","14,943","16,726","15,551",4.7,4.1,4.6,4.3,Massachusetts
Worcester,"356,671","360,103","356,672","358,650","14,864","13,255","15,183","13,979",4.2,3.7,4.3,3.9,Massachusetts
Michigan,"4,891,117","4,989,311","4,915,208","5,002,877","221,677","200,570","214,923","211,938",4.5,4,4.4,4.2,
Ann Arbor,"196,598","201,121","197,797","202,512","6,672","5,753","6,739","6,163",3.4,2.9,3.4,3,Michigan
Battle Creek,"60,982","61,376","61,274","61,847","2,955","2,597","2,973","2,797",4.8,4.2,4.9,4.5,Michigan
Bay City,"49,205","49,887","49,321","50,218","3,026","2,554","3,124","2,735",6.1,5.1,6.3,5.4,Michigan
Detroit-Warren-Dearborn,"2,129,792","2,191,917","2,130,362","2,176,471","85,480","85,653","78,325","86,899",4,3.9,3.7,4,Michigan
Flint,"181,145","182,661","181,652","183,990","10,546","9,044","10,524","9,668",5.8,5,5.8,5.3,Michigan
Grand Rapids-Wyoming,"595,476","602,196","598,917","606,204","20,803","17,920","20,954","19,516",3.5,3,3.5,3.2,Michigan
Jackson,"74,089","74,880","74,464","75,361","3,500","2,949","3,500","3,173",4.7,3.9,4.7,4.2,Michigan
Kalamazoo-Portage,"168,323","168,939","169,460","170,688","7,395","6,222","7,464","6,846",4.4,3.7,4.4,4,Michigan
Lansing-East Lansing,"244,324","250,165","251,804","258,683","11,620","9,171","10,276","9,948",4.8,3.7,4.1,3.8,Michigan
Midland,"40,296","40,441","40,455","40,864","1,900","1,579","1,970","1,745",4.7,3.9,4.9,4.3,Michigan
Monroe,"75,457","77,995","75,995","78,421","3,705","3,253","3,728","3,369",4.9,4.2,4.9,4.3,Michigan
Muskegon,"76,946","79,056","77,188","79,559","3,869","3,349","3,896","3,583",5,4.2,5,4.5,Michigan
Niles-Benton Harbor,"71,748","74,103","72,424","74,510","3,691","3,170","3,613","3,375",5.1,4.3,5,4.5,Michigan
Saginaw,"83,161","83,902","83,244","84,351","5,094","4,291","5,319","4,609",6.1,5.1,6.4,5.5,Michigan
Minnesota,"3,070,305","3,078,519","3,086,692","3,095,510","101,264","100,642","106,305","111,742",3.3,3.3,3.4,3.6,
Duluth,"139,651","139,972","142,261","141,165","5,698","5,409","6,176","6,143",4.1,3.9,4.3,4.4,Minnesota
Mankato-North Mankato,"61,493","61,774","62,341","62,128","1,642","1,661","1,746","1,923",2.7,2.7,2.8,3.1,Minnesota
Minneapolis-St. Paul-Bloomington,"2,001,931","2,009,856","2,010,479","2,023,408","58,521","59,916","62,651","67,713",2.9,3,3.1,3.3,Minnesota
Rochester,"126,076","129,376","126,707","129,857","3,655","3,481","3,784","3,932",2.9,2.7,3,3,Minnesota
St. Cloud,"111,543","112,226","112,299","112,421","4,250","4,009","4,345","4,301",3.8,3.6,3.9,3.8,Minnesota
Mississippi,"1,223,768","1,218,125","1,230,744","1,225,897","42,890","41,427","40,563","33,817",3.5,3.4,3.3,2.8,
Gulfport-Biloxi-Pascagoula,"161,460","162,513","162,906","163,656","5,645","5,442","5,315","4,452",3.5,3.3,3.3,2.7,Mississippi
Hattiesburg,"68,164","68,037","68,657","68,637","2,114","2,000","2,021","1,644",3.1,2.9,2.9,2.4,Mississippi
Jackson,"257,458","257,804","259,091","259,846","7,774","7,575","7,540","6,240",3,2.9,2.9,2.4,Mississippi
Missouri,"3,035,126","3,078,861","3,053,467","3,096,747","96,940","117,123","99,331","122,992",3.2,3.8,3.3,4,
Cape Girardeau,"47,139","47,422","47,449","48,190","1,410","1,651","1,330","1,649",3,3.5,2.8,3.4,Missouri
Columbia,"98,481","99,640","100,817","101,647","2,506","2,953","2,433","2,893",2.5,3,2.4,2.8,Missouri
Jefferson City,"74,257","76,400","74,757","76,422","2,000","2,487","2,003","2,446",2.7,3.3,2.7,3.2,Missouri
Joplin,"83,878","84,544","84,113","85,016","2,424","3,054","2,432","3,182",2.9,3.6,2.9,3.7,Missouri
Kansas City,"1,145,485","1,151,980","1,149,380","1,155,776","33,663","38,303","37,031","41,608",2.9,3.3,3.2,3.6,Missouri
St. Joseph,"59,102","60,012","59,567","59,973","1,715","2,139","1,847","2,122",2.9,3.6,3.1,3.5,Missouri
St. Louis(2),"1,447,035","1,470,799","1,450,984","1,476,552","48,546","56,700","47,422","58,578",3.4,3.9,3.3,4,Missouri
Springfield,"240,810","246,158","243,227","247,647","6,441","7,904","6,403","8,138",2.7,3.2,2.6,3.3,Missouri
Montana,"564,451","571,504","568,135","575,660","18,548","22,741","17,961","22,139",3.3,4,3.2,3.8,
Billings,"92,512","93,589","93,315","94,841","2,573","3,349","2,473","3,233",2.8,3.6,2.7,3.4,Montana
Great Falls,"39,241","39,569","39,269","39,793","1,237","1,604","1,180","1,541",3.2,4.1,3,3.9,Montana
Missoula,"68,013","68,743","68,732","69,104","2,242","2,953","2,132","2,777",3.3,4.3,3.1,4,Montana
Nebraska,"1,041,589","1,046,472","1,048,878","1,050,384","23,565","28,092","24,610","30,438",2.3,2.7,2.3,2.9,
Grand Island,"45,802","46,934","45,905","46,238","1,099","1,991","1,091","1,357",2.4,4.2,2.4,2.9,Nebraska
Lincoln,"186,098","188,008","189,808","191,731","3,839","4,446","4,065","4,992",2.1,2.4,2.1,2.6,Nebraska
Omaha-Council Bluffs,"496,408","500,001","499,597","505,086","12,734","14,963","13,183","16,180",2.6,3,2.6,3.2,Nebraska
Nevada,"1,582,999","1,608,676","1,596,803","1,617,784","85,327","83,823","84,205","81,432",5.4,5.2,5.3,5,
Carson City,"25,677","25,832","25,935","26,047","1,315","1,224","1,263","1,259",5.1,4.7,4.9,4.8,Nevada
Las Vegas-Henderson-Paradise,"1,174,791","1,196,095","1,180,638","1,201,452","66,289","64,747","65,641","62,744",5.6,5.4,5.6,5.2,Nevada
Reno,"259,312","264,234","264,752","267,230","11,542","11,595","11,174","11,316",4.5,4.4,4.2,4.2,Nevada
New Hampshire,"758,653","764,225","757,589","762,782","18,814","19,730","17,050","22,453",2.5,2.6,2.3,2.9,
Dover-Durham,"83,297","83,707","84,096","84,936","1,929","2,109","1,708","2,283",2.3,2.5,2,2.7,New Hampshire
Manchester,"120,704","121,790","120,311","122,080","2,822","3,023","2,499","3,436",2.3,2.5,2.1,2.8,New Hampshire
Portsmouth,"76,566","78,513","76,425","78,504","1,738","1,934","1,623","2,173",2.3,2.5,2.1,2.8,New Hampshire
New Jersey,"4,786,023","4,769,527","4,820,462","4,808,545","204,468","246,107","217,393","245,503",4.3,5.2,4.5,5.1,
Atlantic City-Hammonton,"120,426","121,928","122,213","123,587","7,761","9,167","8,002","8,954",6.4,7.5,6.5,7.2,New Jersey
Ocean City,"41,703","46,846","42,012","47,181","5,295","5,838","5,415","5,584",12.7,12.5,12.9,11.8,New Jersey
Trenton,"218,236","216,020","219,916","218,683","7,823","9,428","8,278","9,366",3.6,4.4,3.8,4.3,New Jersey
Vineland-Bridgeton,"69,599","69,476","70,050","69,796","4,736","5,636","4,940","5,510",6.8,8.1,7.1,7.9,New Jersey
New Mexico,"951,616","958,940","959,722","966,553","36,078","38,930","36,062","36,324",3.8,4.1,3.8,3.8,
Albuquerque,"445,762","448,989","449,457","451,205","15,419","17,030","15,296","15,618",3.5,3.8,3.4,3.5,New Mexico
Farmington,"50,521","49,618","50,634","49,761","2,217","2,310","2,223","2,161",4.4,4.7,4.4,4.3,New Mexico
Las Cruces,"100,573","101,233","101,664","103,053","4,466","4,856","4,549","4,720",4.4,4.8,4.5,4.6,New Mexico
Santa Fe,"71,754","72,257","72,176","73,133","2,370","2,544","2,368","2,337",3.3,3.5,3.3,3.2,New Mexico
New York,"9,601,305","9,650,060","9,652,627","9,716,148","433,084","419,764","441,555","441,740",4.5,4.3,4.6,4.5,
Albany-Schenectady-Troy,"451,671","455,427","453,527","457,156","15,934","17,494","16,092","18,221",3.5,3.8,3.5,4,New York
Binghamton,"104,011","105,224","104,126","105,636","4,675","5,082","4,570","5,083",4.5,4.8,4.4,4.8,New York
Buffalo-Cheektowaga-Niagara Falls,"541,588","546,063","540,036","547,634","23,092","25,856","23,094","26,495",4.3,4.7,4.3,4.8,New York
Elmira,"34,295","34,690","33,935","34,482","1,498","1,552","1,542","1,602",4.4,4.5,4.5,4.6,New York
Glens Falls,"57,550","58,215","57,702","58,127","2,479","2,788","2,537","2,955",4.3,4.8,4.4,5.1,New York
Ithaca,"47,280","48,057","50,166","49,112","1,666","1,700","1,541","1,695",3.5,3.5,3.1,3.5,New York
Kingston,"86,384","88,172","86,939","88,357","3,210","3,638","3,214","3,781",3.7,4.1,3.7,4.3,New York
New York-Newark-Jersey City,"10,266,714","10,268,679","10,336,239","10,352,484","458,258","464,202","477,750","483,218",4.5,4.5,4.6,4.7,New York
Rochester,"518,416","524,250","519,820","526,221","20,299","22,613","20,217","23,321",3.9,4.3,3.9,4.4,New York
Syracuse,"304,384","307,794","305,450","308,767","12,557","13,632","12,427","13,884",4.1,4.4,4.1,4.5,New York
Utica-Rome,"127,124","127,740","127,201","127,653","5,637","5,961","5,517","6,105",4.4,4.7,4.3,4.8,New York
Watertown-Fort Drum,"43,139","44,207","43,003","44,151","2,324","2,657","2,307","2,696",5.4,6,5.4,6.1,New York
North Carolina,"5,165,082","5,238,065","5,191,260","5,244,157","194,644","189,662","193,681","194,278",3.8,3.6,3.7,3.7,
Asheville,"238,467","239,582","239,425","239,474","7,406","6,996","7,430","7,407",3.1,2.9,3.1,3.1,North Carolina
Burlington,"83,712","86,233","85,222","86,282","3,077","2,974","3,018","3,027",3.7,3.4,3.5,3.5,North Carolina
Charlotte-Concord-Gastonia,"1,436,334","1,456,914","1,441,902","1,457,277","51,211","51,087","51,253","52,900",3.6,3.5,3.6,3.6,North Carolina
Durham-Chapel Hill,"317,947","324,285","319,837","324,743","10,224","9,951","10,123","10,248",3.2,3.1,3.2,3.2,North Carolina
Fayetteville,"149,096","151,092","149,417","150,572","7,654","7,257","7,603","7,387",5.1,4.8,5.1,4.9,North Carolina
Goldsboro,"51,253","51,515","51,702","51,882","2,060","2,003","2,026","1,961",4,3.9,3.9,3.8,North Carolina
Greensboro-High Point,"363,140","365,848","363,531","366,037","15,124","14,799","15,060","15,032",4.2,4,4.1,4.1,North Carolina
Greenville,"88,646","89,945","89,036","90,025","3,667","3,549","3,605","3,596",4.1,3.9,4,4,North Carolina
Hickory-Lenoir-Morganton,"174,001","173,962","174,528","173,415","6,013","5,959","6,025","6,208",3.5,3.4,3.5,3.6,North Carolina
Jacksonville,"68,801","70,007","68,877","70,071","3,005","2,919","2,973","2,997",4.4,4.2,4.3,4.3,North Carolina
New Bern,"52,406","52,831","52,506","52,804","2,005","1,850","1,996","1,885",3.8,3.5,3.8,3.6,North Carolina
Raleigh,"778,605","800,990","783,544","801,936","24,827","25,692","25,057","26,416",3.2,3.2,3.2,3.3,North Carolina
Rocky Mount,"62,065","62,155","62,299","62,277","3,463","3,126","3,387","3,179",5.6,5,5.4,5.1,North Carolina
Wilmington,"161,270","164,760","162,192","165,264","5,655","5,466","5,545","5,511",3.5,3.3,3.4,3.3,North Carolina
Winston-Salem,"328,791","329,958","329,648","328,806","12,140","11,593","11,971","11,773",3.7,3.5,3.6,3.6,North Carolina
North Dakota,"409,641","412,479","413,037","414,024","10,041","10,446","10,420","10,887",2.5,2.5,2.5,2.6,
Bismarck,"70,753","70,520","70,941","70,473","1,818","1,864","1,855","1,891",2.6,2.6,2.6,2.7,North Dakota
Fargo,"147,345","149,495","148,730","149,780","3,297","3,517","3,487","3,864",2.2,2.4,2.3,2.6,North Dakota
Grand Forks,"53,969","54,605","54,041","54,793","1,354","1,328","1,453","1,446",2.5,2.4,2.7,2.6,North Dakota
Ohio,"5,701,891","5,736,985","5,746,298","5,768,332","237,423","240,163","243,641","253,378",4.2,4.2,4.2,4.4,
Akron,"351,172","351,748","354,148","355,109","15,254","15,222","15,370","15,993",4.3,4.3,4.3,4.5,Ohio
Canton-Massillon,"191,237","192,733","192,548","194,418","8,731","8,735","8,646","9,222",4.6,4.5,4.5,4.7,Ohio
Cincinnati,"1,128,101","1,130,561","1,133,715","1,138,109","40,834","43,285","41,694","46,105",3.6,3.8,3.7,4.1,Ohio
Cleveland-Elyria,"1,013,432","1,017,503","1,023,033","1,003,754","41,556","43,245","48,967","45,992",4.1,4.3,4.8,4.6,Ohio
Columbus,"1,112,546","1,120,255","1,119,367","1,129,904","39,428","40,135","39,325","42,915",3.5,3.6,3.5,3.8,Ohio
Dayton,"378,963","380,962","380,406","383,965","15,386","15,338","15,338","16,498",4.1,4,4,4.3,Ohio
Lima,"46,744","46,471","46,841","46,838","1,996","1,879","1,995","2,033",4.3,4,4.3,4.3,Ohio
Mansfield,"50,323","50,784","50,750","51,134","2,618","2,601","2,589","2,694",5.2,5.1,5.1,5.3,Ohio
Springfield,"62,429","62,963","62,660","64,145","2,743","2,680","2,541","3,563",4.4,4.3,4.1,5.6,Ohio
Toledo,"293,590","297,075","296,424","299,261","13,098","15,027","13,137","14,072",4.5,5.1,4.4,4.7,Ohio
Weirton-Steubenville(1),"48,578","48,681","48,928","49,055","2,897","2,929","2,871","3,057",6,6,5.9,6.2,Ohio
Youngstown-Warren-Boardman,"226,791","228,544","228,070","230,932","11,859","11,453","11,627","11,928",5.2,5,5.1,5.2,Ohio
Oklahoma,"1,924,273","1,979,324","1,936,290","1,995,543","62,799","73,774","63,919","78,642",3.3,3.7,3.3,3.9,
Enid,"26,428","26,639","26,422","26,771",863,"1,066",855,"1,139",3.3,4,3.2,4.3,Oklahoma
Lawton,"50,585","51,665","50,763","52,033","1,922","2,179","1,922","2,277",3.8,4.2,3.8,4.4,Oklahoma
Oklahoma City,"733,717","758,509","739,021","767,374","22,311","25,835","22,801","27,832",3,3.4,3.1,3.6,Oklahoma
Tulsa,"498,412","514,367","500,113","518,456","16,272","19,854","16,569","20,991",3.3,3.9,3.3,4,Oklahoma
Oregon,"2,149,706","2,163,747","2,160,157","2,191,600","94,036","106,001","88,272","106,718",4.4,4.9,4.1,4.9,
Albany,"60,313","61,085","60,736","61,862","2,856","3,253","2,695","3,319",4.7,5.3,4.4,5.4,Oregon
Bend-Redmond,"102,740","106,271","102,789","107,318","4,761","5,313","4,488","5,374",4.6,5,4.4,5,Oregon
Corvallis,"48,763","50,156","49,552","51,310","1,556","1,882","1,569","1,962",3.2,3.8,3.2,3.8,Oregon
Eugene,"182,470","183,272","183,191","186,015","8,420","9,240","7,985","9,363",4.6,5,4.4,5,Oregon
Grants Pass,"36,037","36,123","35,822","36,210","2,373","2,416","2,095","2,315",6.6,6.7,5.8,6.4,Oregon
Medford,"105,371","105,990","104,938","107,016","5,555","6,102","5,217","6,089",5.3,5.8,5,5.7,Oregon
Portland-Vancouver-Hillsboro,"1,359,957","1,348,307","1,366,991","1,363,770","53,298","62,697","52,734","65,603",3.9,4.7,3.9,4.8,Oregon
Salem,"208,416","213,128","210,941","216,713","9,051","10,391","8,767","10,630",4.3,4.9,4.2,4.9,Oregon
Pennsylvania,"6,458,764","6,504,082","6,472,469","6,568,269","257,704","228,561","265,720","237,142",4,3.5,4.1,3.6,
Allentown-Bethlehem-Easton,"455,082","459,191","455,938","463,489","18,318","17,982","18,953","18,252",4,3.9,4.2,3.9,Pennsylvania
Altoona,"58,212","59,127","58,051","59,407","2,372","1,959","2,446","2,027",4.1,3.3,4.2,3.4,Pennsylvania
Bloomsburg-Berwick,"43,319","43,378","43,785","44,606","1,905","1,695","1,893","1,693",4.4,3.9,4.3,3.8,Pennsylvania
Chambersburg-Waynesboro,"77,697","76,180","76,889","76,378","2,569","2,133","2,632","2,324",3.3,2.8,3.4,3,Pennsylvania
East Stroudsburg,"81,709","82,241","82,068","82,908","4,333","3,751","4,537","3,782",5.3,4.6,5.5,4.6,Pennsylvania
Erie,"124,793","126,662","125,703","128,165","6,034","5,044","6,170","5,246",4.8,4,4.9,4.1,Pennsylvania
Gettysburg,"54,670","54,336","54,751","54,958","1,610","1,447","1,648","1,529",2.9,2.7,3,2.8,Pennsylvania
Harrisburg-Carlisle,"305,085","308,182","305,498","311,280","9,969","8,966","10,424","9,347",3.3,2.9,3.4,3,Pennsylvania
Johnstown,"55,003","55,361","55,499","56,109","2,768","2,340","2,900","2,417",5,4.2,5.2,4.3,Pennsylvania
Lancaster,"286,948","287,566","285,397","288,918","8,660","7,674","8,861","7,968",3,2.7,3.1,2.8,Pennsylvania
Lebanon,"73,430","74,998","73,265","75,514","2,324","2,127","2,369","2,167",3.2,2.8,3.2,2.9,Pennsylvania
Philadelphia-Camden-Wilmington,"3,226,395","3,250,327","3,240,579","3,282,966","123,957","123,434","127,809","125,814",3.8,3.8,3.9,3.8,Pennsylvania
Pittsburgh,"1,169,742","1,175,051","1,173,280","1,185,792","49,723","41,611","51,232","42,940",4.3,3.5,4.4,3.6,Pennsylvania
Reading,"213,189","213,913","212,939","215,477","8,216","7,679","8,580","8,052",3.9,3.6,4,3.7,Pennsylvania
Scranton--Wilkes-Barre--Hazleton,"275,329","280,905","275,940","284,334","13,483","12,090","13,916","12,659",4.9,4.3,5,4.5,Pennsylvania
State College,"78,966","80,455","80,612","82,781","2,601","2,116","2,551","2,176",3.3,2.6,3.2,2.6,Pennsylvania
Williamsport,"55,368","55,878","55,416","56,226","2,497","2,173","2,551","2,264",4.5,3.9,4.6,4,Pennsylvania
York-Hanover,"238,256","241,456","238,334","243,022","7,850","7,156","8,122","7,487",3.3,3,3.4,3.1,Pennsylvania
Rhode Island,"568,939","584,073","570,610","584,005","19,815","27,124","20,937","31,442",3.5,4.6,3.7,5.4,
Providence-Warwick,"702,657","718,822","705,893","718,619","26,940","32,957","28,433","37,451",3.8,4.6,4,5.2,Rhode Island
South Carolina,"2,406,457","2,453,933","2,430,775","2,472,915","82,654","82,551","85,188","90,238",3.4,3.4,3.5,3.6,
Charleston-North Charleston,"413,787","428,505","418,537","431,529","11,855","11,931","12,789","13,376",2.9,2.8,3.1,3.1,South Carolina
Columbia,"406,857","416,076","410,955","419,165","13,111","13,137","13,448","14,376",3.2,3.2,3.3,3.4,South Carolina
Florence,"96,846","98,763","97,428","99,135","3,391","3,431","3,433","3,668",3.5,3.5,3.5,3.7,South Carolina
Greenville-Anderson-Mauldin,"447,191","452,993","452,329","455,221","13,437","14,088","14,537","15,552",3,3.1,3.2,3.4,South Carolina
Hilton Head Island-Bluffton-Beaufort,"89,841","93,344","91,207","94,754","2,829","2,973","3,212","3,431",3.1,3.2,3.5,3.6,South Carolina
Myrtle Beach-Conway-North Myrtle Beach,"207,270","216,130","209,962","218,201","10,241","9,857","9,832","10,078",4.9,4.6,4.7,4.6,South Carolina
Spartanburg,"167,595","171,163","168,932","171,509","5,590","5,579","5,764","6,102",3.3,3.3,3.4,3.6,South Carolina
Sumter,"41,081","41,345","41,272","41,519","1,916","1,751","1,858","1,863",4.7,4.2,4.5,4.5,South Carolina
South Dakota,"467,845","472,800","473,329","476,683","9,136","10,167","11,313","12,845",2,2.2,2.4,2.7,
Rapid City,"75,580","77,212","76,246","77,564","1,411","1,586","1,787","2,016",1.9,2.1,2.3,2.6,South Dakota
Sioux Falls,"161,220","161,734","161,751","162,981","2,858","3,273","3,599","4,082",1.8,2,2.2,2.5,South Dakota
Tennessee,"3,338,229","3,376,532","3,360,148","3,394,112","119,128","119,182","116,990","95,616",3.6,3.5,3.5,2.8,
Chattanooga,"278,059","281,655","280,524","283,727","9,219","9,234","9,006","7,676",3.3,3.3,3.2,2.7,Tennessee
Clarksville,"119,394","120,297","119,833","121,706","5,056","5,178","5,062","4,632",4.2,4.3,4.2,3.8,Tennessee
Cleveland,"56,238","57,328","56,873","57,757","2,118","2,062","2,134","1,675",3.8,3.6,3.8,2.9,Tennessee
Jackson,"63,315","64,030","63,668","64,524","2,305","2,264","2,253","1,804",3.6,3.5,3.5,2.8,Tennessee
Johnson City,"91,552","92,306","93,056","93,873","3,370","3,336","3,372","2,666",3.7,3.6,3.6,2.8,Tennessee
Kingsport-Bristol-Bristol,"134,896","136,053","135,453","136,639","4,908","4,848","4,863","4,179",3.6,3.6,3.6,3.1,Tennessee
Knoxville,"438,386","442,027","442,981","444,661","14,360","14,780","13,950","11,457",3.3,3.3,3.1,2.6,Tennessee
Memphis,"621,329","614,328","623,987","619,653","26,086","26,378","25,830","21,471",4.2,4.3,4.1,3.5,Tennessee
Morristown,"53,133","52,978","53,647","53,420","2,333","2,150","2,201","1,746",4.4,4.1,4.1,3.3,Tennessee
Nashville-Davidson--Murfreesboro--Franklin,"1,125,621","1,144,747","1,133,411","1,151,199","31,140","31,613","30,994","25,878",2.8,2.8,2.7,2.2,Tennessee
Texas,"14,875,993","15,140,281","15,011,661","15,295,668","633,885","618,547","654,309","666,075",4.3,4.1,4.4,4.4,
Abilene,"82,045","82,737","82,685","83,496","3,408","2,961","3,313","3,246",4.2,3.6,4,3.9,Texas
Amarillo,"135,404","137,625","137,224","139,189","4,446","4,308","4,729","4,787",3.3,3.1,3.4,3.4,Texas
Austin-Round Rock,"1,427,795","1,460,815","1,442,029","1,481,139","47,271","50,267","51,076","54,825",3.3,3.4,3.5,3.7,Texas
Beaumont-Port Arthur,"168,633","170,422","168,923","171,437","11,414","9,969","10,733","10,038",6.8,5.8,6.4,5.9,Texas
Brownsville-Harlingen,"180,148","182,379","181,158","184,141","11,229","10,073","11,104","10,670",6.2,5.5,6.1,5.8,Texas
College Station-Bryan,"145,523","151,004","151,635","155,730","5,254","4,910","5,499","5,488",3.6,3.3,3.6,3.5,Texas
Corpus Christi,"203,176","208,108","205,927","210,836","10,272","9,239","10,188","9,721",5.1,4.4,4.9,4.6,Texas
Dallas-Fort Worth-Arlington,"4,324,491","4,394,237","4,348,378","4,425,024","166,445","169,601","174,620","183,917",3.8,3.9,4,4.2,Texas
El Paso,"376,135","384,030","379,417","387,026","17,439","17,126","18,618","18,667",4.6,4.5,4.9,4.8,Texas
Houston-The Woodlands-Sugar Land,"3,573,571","3,652,535","3,608,112","3,686,802","162,384","159,125","165,699","168,668",4.5,4.4,4.6,4.6,Texas
Killeen-Temple,"184,100","186,424","184,985","188,568","9,344","8,368","9,679","9,188",5.1,4.5,5.2,4.9,Texas
Laredo,"118,697","122,303","119,681","123,118","5,391","5,189","5,616","5,863",4.5,4.2,4.7,4.8,Texas
Longview,"98,449","99,194","99,301","100,104","4,463","4,541","4,604","4,943",4.5,4.6,4.6,4.9,Texas
Lubbock,"168,647","171,633","170,952","173,872","6,168","5,783","6,487","6,471",3.7,3.4,3.8,3.7,Texas
McAllen-Edinburg-Mission,"378,178","380,786","380,365","383,558","27,354","24,466","25,244","23,783",7.2,6.4,6.6,6.2,Texas
Midland,"112,996","115,063","114,110","116,366","3,146","2,950","3,304","3,336",2.8,2.6,2.9,2.9,Texas
Odessa,"85,239","86,210","86,193","87,179","3,189","2,992","3,291","3,295",3.7,3.5,3.8,3.8,Texas
San Angelo,"56,896","57,481","57,496","58,225","2,107","2,035","2,250","2,278",3.7,3.5,3.9,3.9,Texas
San Antonio-New Braunfels,"1,266,206","1,293,836","1,278,597","1,308,033","50,580","48,515","53,043","53,699",4,3.7,4.1,4.1,Texas
Sherman-Denison,"68,151","70,044","68,766","70,904","2,785","2,626","2,895","2,875",4.1,3.7,4.2,4.1,Texas
Texarkana,"61,657","61,910","62,172","62,540","2,753","2,669","2,777","2,755",4.5,4.3,4.5,4.4,Texas
Tyler,"113,581","115,083","115,145","116,180","4,543","4,451","4,733","4,885",4,3.9,4.1,4.2,Texas
Victoria,"44,125","44,376","44,641","44,796","1,945","1,885","2,040","1,997",4.4,4.2,4.6,4.5,Texas
Waco,"134,398","137,986","136,102","139,335","5,801","5,174","5,973","5,682",4.3,3.7,4.4,4.1,Texas
Wichita Falls,"64,482","64,562","64,635","65,396","2,720","2,588","2,819","2,904",4.2,4,4.4,4.4,Texas
Utah,"1,761,986","1,790,160","1,774,242","1,805,113","47,269","53,759","49,920","59,610",2.7,3,2.8,3.3,
Logan,"78,109","78,995","78,882","79,754","1,911","2,134","1,983","2,192",2.4,2.7,2.5,2.7,Utah
Ogden-Clearfield,"356,725","363,833","359,012","366,448","9,197","10,520","9,696","11,696",2.6,2.9,2.7,3.2,Utah
Provo-Orem,"357,398","360,651","358,779","363,393","8,890","10,622","9,343","11,558",2.5,2.9,2.6,3.2,Utah
St. George,"89,215","91,628","90,595","92,714","2,753","2,915","2,762","3,107",3.1,3.2,3,3.4,Utah
Salt Lake City,"721,739","730,996","723,862","735,500","19,018","21,693","20,552","24,636",2.6,3,2.8,3.3,Utah
Vermont,"345,767","354,169","347,707","355,252","8,669","9,548","8,299","9,232",2.5,2.7,2.4,2.6,
Burlington-South Burlington,"126,563","129,414","128,629","131,272","2,293","2,611","2,316","2,564",1.8,2,1.8,2,Vermont
Virginia,"4,477,788","4,558,770","4,519,896","4,567,606","135,597","125,211","131,451","132,843",3,2.7,2.9,2.9,
Blacksburg-Christiansburg-Radford,"92,612","96,347","97,798","100,824","2,782","2,449","2,678","2,812",3,2.5,2.7,2.8,Virginia
Charlottesville,"123,372","128,388","125,832","128,868","3,555","3,156","3,305","3,341",2.9,2.5,2.6,2.6,Virginia
Harrisonburg,"68,424","69,611","69,778","70,667","1,977","1,822","1,897","2,028",2.9,2.6,2.7,2.9,Virginia
Lynchburg,"121,225","124,389","123,324","124,660","4,390","4,112","4,247","4,244",3.6,3.3,3.4,3.4,Virginia
Richmond,"710,695","722,778","715,962","722,416","22,390","21,163","21,945","22,180",3.2,2.9,3.1,3.1,Virginia
Roanoke,"159,397","163,881","161,002","164,308","4,877","4,481","4,741","4,758",3.1,2.7,2.9,2.9,Virginia
Staunton-Waynesboro,"62,797","63,571","63,254","63,335","1,728","1,592","1,613","1,697",2.8,2.5,2.6,2.7,Virginia
Virginia Beach-Norfolk-Newport News,"862,882","880,886","870,212","883,101","28,266","25,520","27,646","26,830",3.3,2.9,3.2,3,Virginia
Winchester,"78,393","80,269","78,915","80,078","2,189","2,060","2,115","2,168",2.8,2.6,2.7,2.7,Virginia
Washington,"3,985,362","3,991,009","4,023,491","4,027,517","180,053","214,996","181,167","230,285",4.5,5.4,4.5,5.7,
Bellingham,"115,404","114,637","116,598","114,530","5,433","6,473","6,068","7,433",4.7,5.6,5.2,6.5,Washington
Bremerton-Silverdale,"129,310","129,489","130,023","129,533","5,525","6,819","6,418","7,821",4.3,5.3,4.9,6,Washington
Kennewick-Richland,"147,779","148,393","149,005","149,422","8,931","9,510","9,467","10,735",6,6.4,6.4,7.2,Washington
Longview,"48,773","48,085","48,974","48,273","2,722","3,073","3,026","3,507",5.6,6.4,6.2,7.3,Washington
Mount Vernon-Anacortes,"60,528","61,684","60,914","61,628","3,136","3,821","3,476","4,233",5.2,6.2,5.7,6.9,Washington
Olympia-Tumwater,"148,838","151,176","150,586","151,510","6,631","8,097","7,600","9,194",4.5,5.4,5,6.1,Washington
Seattle-Tacoma-Bellevue,"2,236,718","2,240,628","2,256,879","2,267,900","83,635","106,369","76,830","107,622",3.7,4.7,3.4,4.7,Washington
Spokane-Spokane Valley,"286,879","290,530","290,013","291,943","15,618","17,362","16,660","19,736",5.4,6,5.7,6.8,Washington
Walla Walla,"31,162","30,955","31,869","31,621","1,563","1,779","1,716","2,068",5,5.7,5.4,6.5,Washington
Wenatchee,"63,514","65,142","64,162","65,499","3,900","4,164","3,957","4,590",6.1,6.4,6.2,7,Washington
Yakima,"124,610","127,318","127,251","128,622","10,482","10,649","10,161","11,518",8.4,8.4,8,9,Washington
West Virginia,"770,042","782,473","776,427","783,805","31,311","37,239","32,133","38,940",4.1,4.8,4.1,5,
Beckley,"44,657","45,851","44,749","45,676","1,817","2,141","1,899","2,236",4.1,4.7,4.2,4.9,West Virginia
Charleston,"90,701","91,609","90,939","91,919","3,401","4,130","3,480","4,319",3.7,4.5,3.8,4.7,West Virginia
Huntington-Ashland,"142,309","144,829","142,861","145,014","6,427","7,269","6,600","7,661",4.5,5,4.6,5.3,West Virginia
Morgantown,"69,760","70,233","70,609","70,539","2,371","2,644","2,339","2,678",3.4,3.8,3.3,3.8,West Virginia
Parkersburg-Vienna,"37,989","38,776","37,993","38,762","1,770","2,083","1,890","2,246",4.7,5.4,5,5.8,West Virginia
Wheeling,"60,019","60,938","60,233","61,244","3,183","3,221","3,302","3,409",5.3,5.3,5.5,5.6,West Virginia
Wisconsin,"3,073,356","3,104,921","3,100,933","3,116,144","92,370","87,159","103,059","103,938",3,2.8,3.3,3.3,
Appleton,"132,209","133,583","131,874","133,078","3,171","2,944","3,263","3,597",2.4,2.2,2.5,2.7,Wisconsin
Eau Claire,"92,547","94,537","94,407","95,446","3,093","2,895","3,376","3,285",3.3,3.1,3.6,3.4,Wisconsin
Fond du Lac,"55,456","56,181","55,816","56,151","1,463","1,311","1,556","1,533",2.6,2.3,2.8,2.7,Wisconsin
Green Bay,"172,202","173,442","172,644","173,123","4,621","4,262","5,163","5,188",2.7,2.5,3,3,Wisconsin
Janesville-Beloit,"86,471","88,363","87,222","88,450","2,888","2,684","3,263","3,185",3.3,3,3.7,3.6,Wisconsin
La Crosse-Onalaska,"75,336","78,031","76,887","78,806","2,072","1,905","2,216","2,227",2.8,2.4,2.9,2.8,Wisconsin
Madison,"394,569","402,627","400,909","408,236","8,894","7,939","9,086","9,559",2.3,2,2.3,2.3,Wisconsin
Milwaukee-Waukesha-West Allis,"805,872","808,388","807,978","807,514","23,574","22,704","26,190","27,076",2.9,2.8,3.2,3.4,Wisconsin
Oshkosh-Neenah,"92,128","92,817","91,871","92,788","2,250","2,126","2,333","2,589",2.4,2.3,2.5,2.8,Wisconsin
Racine,"98,276","99,232","98,855","98,932","3,386","3,275","3,958","3,862",3.4,3.3,4,3.9,Wisconsin
Sheboygan,"60,955","62,717","60,857","62,460","1,423","1,283","1,514","1,573",2.3,2,2.5,2.5,Wisconsin
Wausau,"72,584","72,842","72,573","72,676","1,865","1,809","2,015","2,195",2.6,2.5,2.8,3,Wisconsin
Wyoming,"294,324","289,185","294,269","291,740","11,931","10,617","11,163","10,509",4.1,3.7,3.8,3.6,
Casper,"39,887","39,050","39,718","39,277","1,727","1,532","1,639","1,511",4.3,3.9,4.1,3.8,Wyoming
Cheyenne,"49,455","48,776","49,191","48,894","1,990","1,858","1,870","1,827",4,3.8,3.8,3.7,Wyoming
Puerto Rico,"1,213,412","1,221,747","1,204,106","1,215,962","68,333","70,442","71,174","70,166",5.6,5.8,5.9,5.8,
Aguadilla-Isabela,"99,802","100,720","98,928","100,412","8,171","7,910","8,529","8,153",8.2,7.9,8.6,8.1,Puerto Rico
Arecibo,"60,327","61,435","59,364","60,786","4,579","4,120","4,587","3,895",7.6,6.7,7.7,6.4,Puerto Rico
Guayama,"21,032","21,387","20,996","21,594","1,607","1,849","1,746","1,969",7.6,8.6,8.3,9.1,Puerto Rico
Mayaguez,"30,538","30,719","30,483","30,868","1,775","1,724","1,888","1,934",5.8,5.6,6.2,6.3,Puerto Rico
Ponce,"102,365","103,177","101,290","102,559","8,563","8,820","8,990","8,963",8.4,8.5,8.9,8.7,Puerto Rico
San German,"37,912","38,768","37,830","38,759","2,851","2,832","2,901","2,899",7.5,7.3,7.7,7.5,Puerto Rico
San Juan-Carolina-Caguas,"814,963","817,988","809,395","814,275","37,011","39,391","38,547","38,532",4.5,4.8,4.8,4.7,Puerto Rico
